midgid,sdn_local_cdi_id,SeaVox_SeaArea,ICES_ecoregion,ICES_area,ICES_statistical_rectangle,MSFD_region,MSFD_subregion,WFD_waterbody_type,WFD_waterbody_name,SWD_shellfish_waterbody,station_id,site_bathy_depth,sdn_csrref_global,cruise,platform_name,ices_platform_code,platform_category,platform_category_code,ctd_model_name,ctd_model_urn,year,month,time,depth,latitude,longitude,pressure,temperature,salinity,sigmat,average_sound_velocity,oxygen_mll,oxygen_sat,depth_qc,pressure_qc,temperature_qc,conductivity_qc,salinity_qc,sigmat_qc,average_sound_velocity_qc,oxygen_mll_qc,oxygen_sat_qc
100282,291,ATLANTIC OCEAN > NORTH ATLANTIC OCEAN > NORTHEAST ATLANTIC OCEAN (40W),Celtic Seas,27.6.a,39E0,North-east Atlantic Ocean,Celtic Seas,,,,,119.48,SDN:CSR::20051117,CE0509,Celtic Explorer,45CE,research vessel,31,Sea-Bird SBE 911plus CTD,SDN:L22::TOOL0058,2005,7,2005-07-05T19:19:04Z,1.0,55.1396667,-9.4321667,1.009,13.5242,35.3438,26.5523,NaN,NaN,NaN,1,1,1,NaN,1,1,NaN,NaN,NaN
100282,291,ATLANTIC OCEAN > NORTH ATLANTIC OCEAN > NORTHEAST ATLANTIC OCEAN (40W),Celtic Seas,27.6.a,39E0,North-east Atlantic Ocean,Celtic Seas,,,,,119.48,SDN:CSR::20051117,CE0509,Celtic Explorer,45CE,research vessel,31,Sea-Bird SBE 911plus CTD,SDN:L22::TOOL0058,2005,7,2005-07-05T19:19:04Z,2.0,55.1396667,-9.4321667,2.018,13.5283,35.3438,26.5515,NaN,NaN,NaN,1,1,1,NaN,1,1,NaN,NaN,NaN
100282,291,ATLANTIC OCEAN > NORTH ATLANTIC OCEAN > NORTHEAST ATLANTIC OCEAN (40W),Celtic Seas,27.6.a,39E0,North-east Atlantic Ocean,Celtic Seas,,,,,119.48,SDN:CSR::20051117,CE0509,Celtic Explorer,45CE,research vessel,31,Sea-Bird SBE 911plus CTD,SDN:L22::TOOL0058,2005,7,2005-07-05T19:19:04Z,3.0,55.1396667,-9.4321667,3.027,13.5334,35.3442,26.5507,NaN,NaN,NaN,1,1,1,NaN,1,1,NaN,NaN,NaN
100282,291,ATLANTIC OCEAN > NORTH ATLANTIC OCEAN > NORTHEAST ATLANTIC OCEAN (40W),Celtic Seas,27.6.a,39E0,North-east Atlantic Ocean,Celtic Seas,,,,,119.48,SDN:CSR::20051117,CE0509,Celtic Explorer,45CE,research vessel,31,Sea-Bird SBE 911plus CTD,SDN:L22::TOOL0058,2005,7,2005-07-05T19:19:04Z,4.0,55.1396667,-9.4321667,4.036,13.5334,35.3441,26.5506,NaN,NaN,NaN,1,1,1,NaN,1,1,NaN,NaN,NaN
100282,291,ATLANTIC OCEAN > NORTH ATLANTIC OCEAN > NORTHEAST ATLANTIC OCEAN (40W),Celtic Seas,27.6.a,39E0,North-east Atlantic Ocean,Celtic Seas,,,,,119.48,SDN:CSR::20051117,CE0509,Celtic Explorer,45CE,research vessel,31,Sea-Bird SBE 911plus CTD,SDN:L22::TOOL0058,2005,7,2005-07-05T19:19:04Z,5.0,55.1396667,-9.4321667,5.045,13.5337,35.344,26.5505,NaN,NaN,NaN,1,1,1,NaN,1,1,NaN,NaN,NaN
100282,291,ATLANTIC OCEAN > NORTH ATLANTIC OCEAN > NORTHEAST ATLANTIC OCEAN (40W),Celtic Seas,27.6.a,39E0,North-east Atlantic Ocean,Celtic Seas,,,,,119.48,SDN:CSR::20051117,CE0509,Celtic Explorer,45CE,research vessel,31,Sea-Bird SBE 911plus CTD,SDN:L22::TOOL0058,2005,7,2005-07-05T19:19:04Z,6.0,55.1396667,-9.4321667,6.054,13.5343,35.344,26.5504,NaN,NaN,NaN,1,1,1,NaN,1,1,NaN,NaN,NaN
100282,291,ATLANTIC OCEAN > NORTH ATLANTIC OCEAN > NORTHEAST ATLANTIC OCEAN (40W),Celtic Seas,27.6.a,39E0,North-east Atlantic Ocean,Celtic Seas,,,,,119.48,SDN:CSR::20051117,CE0509,Celtic Explorer,45CE,research vessel,31,Sea-Bird SBE 911plus CTD,SDN:L22::TOOL0058,2005,7,2005-07-05T19:19:04Z,7.0,55.1396667,-9.4321667,7.063,13.5335,35.3442,26.5507,NaN,NaN,NaN,1,1,1,NaN,1,1,NaN,NaN,NaN
100282,291,ATLANTIC OCEAN > NORTH ATLANTIC OCEAN > NORTHEAST ATLANTIC OCEAN (40W),Celtic Seas,27.6.a,39E0,North-east Atlantic Ocean,Celtic Seas,,,,,119.48,SDN:CSR::20051117,CE0509,Celtic Explorer,45CE,research vessel,31,Sea-Bird SBE 911plus CTD,SDN:L22::TOOL0058,2005,7,2005-07-05T19:19:04Z,8.0,55.1396667,-9.4321667,8.072,13.5345,35.3441,26.5504,NaN,NaN,NaN,1,1,1,NaN,1,1,NaN,NaN,NaN
100282,291,ATLANTIC OCEAN > NORTH ATLANTIC OCEAN > NORTHEAST ATLANTIC OCEAN (40W),Celtic Seas,27.6.a,39E0,North-east Atlantic Ocean,Celtic Seas,,,,,119.48,SDN:CSR::20051117,CE0509,Celtic Explorer,45CE,research vessel,31,Sea-Bird SBE 911plus CTD,SDN:L22::TOOL0058,2005,7,2005-07-05T19:19:04Z,9.0,55.1396667,-9.4321667,9.08,13.5348,35.3442,26.5504,NaN,NaN,NaN,1,1,1,NaN,1,1,NaN,NaN,NaN
100282,291,ATLANTIC OCEAN > NORTH ATLANTIC OCEAN > NORTHEAST ATLANTIC OCEAN (40W),Celtic Seas,27.6.a,39E0,North-east Atlantic Ocean,Celtic Seas,,,,,119.48,SDN:CSR::20051117,CE0509,Celtic Explorer,45CE,research vessel,31,Sea-Bird SBE 911plus CTD,SDN:L22::TOOL0058,2005,7,2005-07-05T19:19:04Z,10.0,55.1396667,-9.4321667,10.089,13.5314,35.3445,26.5513,NaN,NaN,NaN,1,1,1,NaN,1,1,NaN,NaN,NaN
100282,291,ATLANTIC OCEAN > NORTH ATLANTIC OCEAN > NORTHEAST ATLANTIC OCEAN (40W),Celtic Seas,27.6.a,39E0,North-east Atlantic Ocean,Celtic Seas,,,,,119.48,SDN:CSR::20051117,CE0509,Celtic Explorer,45CE,research vessel,31,Sea-Bird SBE 911plus CTD,SDN:L22::TOOL0058,2005,7,2005-07-05T19:19:04Z,11.0,55.1396667,-9.4321667,11.098,13.5311,35.3444,26.5513,NaN,NaN,NaN,1,1,1,NaN,1,1,NaN,NaN,NaN
100282,291,ATLANTIC OCEAN > NORTH ATLANTIC OCEAN > NORTHEAST ATLANTIC OCEAN (40W),Celtic Seas,27.6.a,39E0,North-east Atlantic Ocean,Celtic Seas,,,,,119.48,SDN:CSR::20051117,CE0509,Celtic Explorer,45CE,research vessel,31,Sea-Bird SBE 911plus CTD,SDN:L22::TOOL0058,2005,7,2005-07-05T19:19:04Z,12.0,55.1396667,-9.4321667,12.107,13.5174,35.3456,26.5551,NaN,NaN,NaN,1,1,1,NaN,1,1,NaN,NaN,NaN
100282,291,ATLANTIC OCEAN > NORTH ATLANTIC OCEAN > NORTHEAST ATLANTIC OCEAN (40W),Celtic Seas,27.6.a,39E0,North-east Atlantic Ocean,Celtic Seas,,,,,119.48,SDN:CSR::20051117,CE0509,Celtic Explorer,45CE,research vessel,31,Sea-Bird SBE 911plus CTD,SDN:L22::TOOL0058,2005,7,2005-07-05T19:19:04Z,13.0,55.1396667,-9.4321667,13.116,13.4979,35.3472,26.5604,NaN,NaN,NaN,1,1,1,NaN,1,1,NaN,NaN,NaN
100282,291,ATLANTIC OCEAN > NORTH ATLANTIC OCEAN > NORTHEAST ATLANTIC OCEAN (40W),Celtic Seas,27.6.a,39E0,North-east Atlantic Ocean,Celtic Seas,,,,,119.48,SDN:CSR::20051117,CE0509,Celtic Explorer,45CE,research vessel,31,Sea-Bird SBE 911plus CTD,SDN:L22::TOOL0058,2005,7,2005-07-05T19:19:04Z,14.0,55.1396667,-9.4321667,14.125,13.492,35.3467,26.5611,NaN,NaN,NaN,1,1,1,NaN,1,1,NaN,NaN,NaN
100282,291,ATLANTIC OCEAN > NORTH ATLANTIC OCEAN > NORTHEAST ATLANTIC OCEAN (40W),Celtic Seas,27.6.a,39E0,North-east Atlantic Ocean,Celtic Seas,,,,,119.48,SDN:CSR::20051117,CE0509,Celtic Explorer,45CE,research vessel,31,Sea-Bird SBE 911plus CTD,SDN:L22::TOOL0058,2005,7,2005-07-05T19:19:04Z,15.0,55.1396667,-9.4321667,15.134,13.4894,35.3473,26.5622,NaN,NaN,NaN,1,1,1,NaN,1,1,NaN,NaN,NaN
100282,291,ATLANTIC OCEAN > NORTH ATLANTIC OCEAN > NORTHEAST ATLANTIC OCEAN (40W),Celtic Seas,27.6.a,39E0,North-east Atlantic Ocean,Celtic Seas,,,,,119.48,SDN:CSR::20051117,CE0509,Celtic Explorer,45CE,research vessel,31,Sea-Bird SBE 911plus CTD,SDN:L22::TOOL0058,2005,7,2005-07-05T19:19:04Z,16.0,55.1396667,-9.4321667,16.143,13.4858,35.3476,26.5632,NaN,NaN,NaN,1,1,1,NaN,1,1,NaN,NaN,NaN
100282,291,ATLANTIC OCEAN > NORTH ATLANTIC OCEAN > NORTHEAST ATLANTIC OCEAN (40W),Celtic Seas,27.6.a,39E0,North-east Atlantic Ocean,Celtic Seas,,,,,119.48,SDN:CSR::20051117,CE0509,Celtic Explorer,45CE,research vessel,31,Sea-Bird SBE 911plus CTD,SDN:L22::TOOL0058,2005,7,2005-07-05T19:19:04Z,17.0,55.1396667,-9.4321667,17.152,13.478,35.3481,26.5652,NaN,NaN,NaN,1,1,1,NaN,1,1,NaN,NaN,NaN
100282,291,ATLANTIC OCEAN > NORTH ATLANTIC OCEAN > NORTHEAST ATLANTIC OCEAN (40W),Celtic Seas,27.6.a,39E0,North-east Atlantic Ocean,Celtic Seas,,,,,119.48,SDN:CSR::20051117,CE0509,Celtic Explorer,45CE,research vessel,31,Sea-Bird SBE 911plus CTD,SDN:L22::TOOL0058,2005,7,2005-07-05T19:19:04Z,18.0,55.1396667,-9.4321667,18.161,13.475,35.3484,26.566,NaN,NaN,NaN,1,1,1,NaN,1,1,NaN,NaN,NaN
100282,291,ATLANTIC OCEAN > NORTH ATLANTIC OCEAN > NORTHEAST ATLANTIC OCEAN (40W),Celtic Seas,27.6.a,39E0,North-east Atlantic Ocean,Celtic Seas,,,,,119.48,SDN:CSR::20051117,CE0509,Celtic Explorer,45CE,research vessel,31,Sea-Bird SBE 911plus CTD,SDN:L22::TOOL0058,2005,7,2005-07-05T19:19:04Z,19.0,55.1396667,-9.4321667,19.17,13.4648,35.3493,26.5688,NaN,NaN,NaN,1,1,1,NaN,1,1,NaN,NaN,NaN
100282,291,ATLANTIC OCEAN > NORTH ATLANTIC OCEAN > NORTHEAST ATLANTIC OCEAN (40W),Celtic Seas,27.6.a,39E0,North-east Atlantic Ocean,Celtic Seas,,,,,119.48,SDN:CSR::20051117,CE0509,Celtic Explorer,45CE,research vessel,31,Sea-Bird SBE 911plus CTD,SDN:L22::TOOL0058,2005,7,2005-07-05T19:19:04Z,20.0,55.1396667,-9.4321667,20.179,13.4488,35.3509,26.5732,NaN,NaN,NaN,1,1,1,NaN,1,1,NaN,NaN,NaN
100282,291,ATLANTIC OCEAN > NORTH ATLANTIC OCEAN > NORTHEAST ATLANTIC OCEAN (40W),Celtic Seas,27.6.a,39E0,North-east Atlantic Ocean,Celtic Seas,,,,,119.48,SDN:CSR::20051117,CE0509,Celtic Explorer,45CE,research vessel,31,Sea-Bird SBE 911plus CTD,SDN:L22::TOOL0058,2005,7,2005-07-05T19:19:04Z,21.0,55.1396667,-9.4321667,21.188,13.4122,35.3542,26.5838,NaN,NaN,NaN,1,1,1,NaN,1,1,NaN,NaN,NaN
100282,291,ATLANTIC OCEAN > NORTH ATLANTIC OCEAN > NORTHEAST ATLANTIC OCEAN (40W),Celtic Seas,27.6.a,39E0,North-east Atlantic Ocean,Celtic Seas,,,,,119.48,SDN:CSR::20051117,CE0509,Celtic Explorer,45CE,research vessel,31,Sea-Bird SBE 911plus CTD,SDN:L22::TOOL0058,2005,7,2005-07-05T19:19:04Z,22.0,55.1396667,-9.4321667,22.197,13.3898,35.3553,26.5889,NaN,NaN,NaN,1,1,1,NaN,1,1,NaN,NaN,NaN
100282,291,ATLANTIC OCEAN > NORTH ATLANTIC OCEAN > NORTHEAST ATLANTIC OCEAN (40W),Celtic Seas,27.6.a,39E0,North-east Atlantic Ocean,Celtic Seas,,,,,119.48,SDN:CSR::20051117,CE0509,Celtic Explorer,45CE,research vessel,31,Sea-Bird SBE 911plus CTD,SDN:L22::TOOL0058,2005,7,2005-07-05T19:19:04Z,23.0,55.1396667,-9.4321667,23.206,13.3764,35.3563,26.5924,1502.43,NaN,NaN,1,1,1,NaN,1,1,1,NaN,NaN
100282,291,ATLANTIC OCEAN > NORTH ATLANTIC OCEAN > NORTHEAST ATLANTIC OCEAN (40W),Celtic Seas,27.6.a,39E0,North-east Atlantic Ocean,Celtic Seas,,,,,119.48,SDN:CSR::20051117,CE0509,Celtic Explorer,45CE,research vessel,31,Sea-Bird SBE 911plus CTD,SDN:L22::TOOL0058,2005,7,2005-07-05T19:19:04Z,24.0,55.1396667,-9.4321667,24.215,13.3222,35.3606,26.6069,1502.42,NaN,NaN,1,1,1,NaN,1,1,1,NaN,NaN
100282,291,ATLANTIC OCEAN > NORTH ATLANTIC OCEAN > NORTHEAST ATLANTIC OCEAN (40W),Celtic Seas,27.6.a,39E0,North-east Atlantic Ocean,Celtic Seas,,,,,119.48,SDN:CSR::20051117,CE0509,Celtic Explorer,45CE,research vessel,31,Sea-Bird SBE 911plus CTD,SDN:L22::TOOL0058,2005,7,2005-07-05T19:19:04Z,25.0,55.1396667,-9.4321667,25.225,13.3037,35.3608,26.6109,1502.41,NaN,NaN,1,1,1,NaN,1,1,1,NaN,NaN
100282,291,ATLANTIC OCEAN > NORTH ATLANTIC OCEAN > NORTHEAST ATLANTIC OCEAN (40W),Celtic Seas,27.6.a,39E0,North-east Atlantic Ocean,Celtic Seas,,,,,119.48,SDN:CSR::20051117,CE0509,Celtic Explorer,45CE,research vessel,31,Sea-Bird SBE 911plus CTD,SDN:L22::TOOL0058,2005,7,2005-07-05T19:19:04Z,26.0,55.1396667,-9.4321667,26.234,13.2835,35.3608,26.615,1502.4,NaN,NaN,1,1,1,NaN,1,1,1,NaN,NaN
100282,291,ATLANTIC OCEAN > NORTH ATLANTIC OCEAN > NORTHEAST ATLANTIC OCEAN (40W),Celtic Seas,27.6.a,39E0,North-east Atlantic Ocean,Celtic Seas,,,,,119.48,SDN:CSR::20051117,CE0509,Celtic Explorer,45CE,research vessel,31,Sea-Bird SBE 911plus CTD,SDN:L22::TOOL0058,2005,7,2005-07-05T19:19:04Z,27.0,55.1396667,-9.4321667,27.243,13.2635,35.3614,26.6195,1502.38,NaN,NaN,1,1,1,NaN,1,1,1,NaN,NaN
100282,291,ATLANTIC OCEAN > NORTH ATLANTIC OCEAN > NORTHEAST ATLANTIC OCEAN (40W),Celtic Seas,27.6.a,39E0,North-east Atlantic Ocean,Celtic Seas,,,,,119.48,SDN:CSR::20051117,CE0509,Celtic Explorer,45CE,research vessel,31,Sea-Bird SBE 911plus CTD,SDN:L22::TOOL0058,2005,7,2005-07-05T19:19:04Z,28.0,55.1396667,-9.4321667,28.252,13.2498,35.3628,26.6234,1502.36,NaN,NaN,1,1,1,NaN,1,1,1,NaN,NaN
100282,291,ATLANTIC OCEAN > NORTH ATLANTIC OCEAN > NORTHEAST ATLANTIC OCEAN (40W),Celtic Seas,27.6.a,39E0,North-east Atlantic Ocean,Celtic Seas,,,,,119.48,SDN:CSR::20051117,CE0509,Celtic Explorer,45CE,research vessel,31,Sea-Bird SBE 911plus CTD,SDN:L22::TOOL0058,2005,7,2005-07-05T19:19:04Z,29.0,55.1396667,-9.4321667,29.261,13.2396,35.363,26.6256,1502.35,NaN,NaN,1,1,1,NaN,1,1,1,NaN,NaN
100282,291,ATLANTIC OCEAN > NORTH ATLANTIC OCEAN > NORTHEAST ATLANTIC OCEAN (40W),Celtic Seas,27.6.a,39E0,North-east Atlantic Ocean,Celtic Seas,,,,,119.48,SDN:CSR::20051117,CE0509,Celtic Explorer,45CE,research vessel,31,Sea-Bird SBE 911plus CTD,SDN:L22::TOOL0058,2005,7,2005-07-05T19:19:04Z,30.0,55.1396667,-9.4321667,30.27,13.2226,35.3637,26.6296,1502.33,NaN,NaN,1,1,1,NaN,1,1,1,NaN,NaN
100282,291,ATLANTIC OCEAN > NORTH ATLANTIC OCEAN > NORTHEAST ATLANTIC OCEAN (40W),Celtic Seas,27.6.a,39E0,North-east Atlantic Ocean,Celtic Seas,,,,,119.48,SDN:CSR::20051117,CE0509,Celtic Explorer,45CE,research vessel,31,Sea-Bird SBE 911plus CTD,SDN:L22::TOOL0058,2005,7,2005-07-05T19:19:04Z,31.0,55.1396667,-9.4321667,31.279,13.2098,35.3638,26.6323,1502.32,NaN,NaN,1,1,1,NaN,1,1,1,NaN,NaN
100282,291,ATLANTIC OCEAN > NORTH ATLANTIC OCEAN > NORTHEAST ATLANTIC OCEAN (40W),Celtic Seas,27.6.a,39E0,North-east Atlantic Ocean,Celtic Seas,,,,,119.48,SDN:CSR::20051117,CE0509,Celtic Explorer,45CE,research vessel,31,Sea-Bird SBE 911plus CTD,SDN:L22::TOOL0058,2005,7,2005-07-05T19:19:04Z,32.0,55.1396667,-9.4321667,32.288,13.2026,35.3635,26.6335,1502.3,NaN,NaN,1,1,1,NaN,1,1,1,NaN,NaN
100282,291,ATLANTIC OCEAN > NORTH ATLANTIC OCEAN > NORTHEAST ATLANTIC OCEAN (40W),Celtic Seas,27.6.a,39E0,North-east Atlantic Ocean,Celtic Seas,,,,,119.48,SDN:CSR::20051117,CE0509,Celtic Explorer,45CE,research vessel,31,Sea-Bird SBE 911plus CTD,SDN:L22::TOOL0058,2005,7,2005-07-05T19:19:04Z,33.0,55.1396667,-9.4321667,33.297,13.1902,35.3632,26.6359,1502.28,NaN,NaN,1,1,1,NaN,1,1,1,NaN,NaN
100282,291,ATLANTIC OCEAN > NORTH ATLANTIC OCEAN > NORTHEAST ATLANTIC OCEAN (40W),Celtic Seas,27.6.a,39E0,North-east Atlantic Ocean,Celtic Seas,,,,,119.48,SDN:CSR::20051117,CE0509,Celtic Explorer,45CE,research vessel,31,Sea-Bird SBE 911plus CTD,SDN:L22::TOOL0058,2005,7,2005-07-05T19:19:04Z,34.0,55.1396667,-9.4321667,34.306,13.1699,35.3633,26.6401,1502.27,NaN,NaN,1,1,1,NaN,1,1,1,NaN,NaN
100282,291,ATLANTIC OCEAN > NORTH ATLANTIC OCEAN > NORTHEAST ATLANTIC OCEAN (40W),Celtic Seas,27.6.a,39E0,North-east Atlantic Ocean,Celtic Seas,,,,,119.48,SDN:CSR::20051117,CE0509,Celtic Explorer,45CE,research vessel,31,Sea-Bird SBE 911plus CTD,SDN:L22::TOOL0058,2005,7,2005-07-05T19:19:04Z,35.0,55.1396667,-9.4321667,35.315,13.1537,35.3632,26.6433,1502.25,NaN,NaN,1,1,1,NaN,1,1,1,NaN,NaN
100282,291,ATLANTIC OCEAN > NORTH ATLANTIC OCEAN > NORTHEAST ATLANTIC OCEAN (40W),Celtic Seas,27.6.a,39E0,North-east Atlantic Ocean,Celtic Seas,,,,,119.48,SDN:CSR::20051117,CE0509,Celtic Explorer,45CE,research vessel,31,Sea-Bird SBE 911plus CTD,SDN:L22::TOOL0058,2005,7,2005-07-05T19:19:04Z,36.0,55.1396667,-9.4321667,36.324,13.1149,35.3635,26.6514,1502.23,NaN,NaN,1,1,1,NaN,1,1,1,NaN,NaN
100282,291,ATLANTIC OCEAN > NORTH ATLANTIC OCEAN > NORTHEAST ATLANTIC OCEAN (40W),Celtic Seas,27.6.a,39E0,North-east Atlantic Ocean,Celtic Seas,,,,,119.48,SDN:CSR::20051117,CE0509,Celtic Explorer,45CE,research vessel,31,Sea-Bird SBE 911plus CTD,SDN:L22::TOOL0058,2005,7,2005-07-05T19:19:04Z,37.0,55.1396667,-9.4321667,37.333,13.0327,35.3634,26.6679,1502.22,NaN,NaN,1,1,1,NaN,1,1,1,NaN,NaN
100282,291,ATLANTIC OCEAN > NORTH ATLANTIC OCEAN > NORTHEAST ATLANTIC OCEAN (40W),Celtic Seas,27.6.a,39E0,North-east Atlantic Ocean,Celtic Seas,,,,,119.48,SDN:CSR::20051117,CE0509,Celtic Explorer,45CE,research vessel,31,Sea-Bird SBE 911plus CTD,SDN:L22::TOOL0058,2005,7,2005-07-05T19:19:04Z,38.0,55.1396667,-9.4321667,38.342,12.9772,35.3627,26.6786,1502.19,NaN,NaN,1,1,1,NaN,1,1,1,NaN,NaN
100282,291,ATLANTIC OCEAN > NORTH ATLANTIC OCEAN > NORTHEAST ATLANTIC OCEAN (40W),Celtic Seas,27.6.a,39E0,North-east Atlantic Ocean,Celtic Seas,,,,,119.48,SDN:CSR::20051117,CE0509,Celtic Explorer,45CE,research vessel,31,Sea-Bird SBE 911plus CTD,SDN:L22::TOOL0058,2005,7,2005-07-05T19:19:04Z,39.0,55.1396667,-9.4321667,39.352,12.9154,35.3612,26.6899,1502.16,NaN,NaN,1,1,1,NaN,1,1,1,NaN,NaN
100282,291,ATLANTIC OCEAN > NORTH ATLANTIC OCEAN > NORTHEAST ATLANTIC OCEAN (40W),Celtic Seas,27.6.a,39E0,North-east Atlantic Ocean,Celtic Seas,,,,,119.48,SDN:CSR::20051117,CE0509,Celtic Explorer,45CE,research vessel,31,Sea-Bird SBE 911plus CTD,SDN:L22::TOOL0058,2005,7,2005-07-05T19:19:04Z,40.0,55.1396667,-9.4321667,40.361,12.8454,35.36,26.703,1502.13,NaN,NaN,1,1,1,NaN,1,1,1,NaN,NaN
100282,291,ATLANTIC OCEAN > NORTH ATLANTIC OCEAN > NORTHEAST ATLANTIC OCEAN (40W),Celtic Seas,27.6.a,39E0,North-east Atlantic Ocean,Celtic Seas,,,,,119.48,SDN:CSR::20051117,CE0509,Celtic Explorer,45CE,research vessel,31,Sea-Bird SBE 911plus CTD,SDN:L22::TOOL0058,2005,7,2005-07-05T19:19:04Z,41.0,55.1396667,-9.4321667,41.37,12.8061,35.3591,26.7102,1502.1,NaN,NaN,1,1,1,NaN,1,1,1,NaN,NaN
100282,291,ATLANTIC OCEAN > NORTH ATLANTIC OCEAN > NORTHEAST ATLANTIC OCEAN (40W),Celtic Seas,27.6.a,39E0,North-east Atlantic Ocean,Celtic Seas,,,,,119.48,SDN:CSR::20051117,CE0509,Celtic Explorer,45CE,research vessel,31,Sea-Bird SBE 911plus CTD,SDN:L22::TOOL0058,2005,7,2005-07-05T19:19:04Z,42.0,55.1396667,-9.4321667,42.379,12.7412,35.3583,26.7224,1502.06,NaN,NaN,1,1,1,NaN,1,1,1,NaN,NaN
100282,291,ATLANTIC OCEAN > NORTH ATLANTIC OCEAN > NORTHEAST ATLANTIC OCEAN (40W),Celtic Seas,27.6.a,39E0,North-east Atlantic Ocean,Celtic Seas,,,,,119.48,SDN:CSR::20051117,CE0509,Celtic Explorer,45CE,research vessel,31,Sea-Bird SBE 911plus CTD,SDN:L22::TOOL0058,2005,7,2005-07-05T19:19:04Z,43.0,55.1396667,-9.4321667,43.388,12.6892,35.357,26.7319,1502.02,NaN,NaN,1,1,1,NaN,1,1,1,NaN,NaN
100282,291,ATLANTIC OCEAN > NORTH ATLANTIC OCEAN > NORTHEAST ATLANTIC OCEAN (40W),Celtic Seas,27.6.a,39E0,North-east Atlantic Ocean,Celtic Seas,,,,,119.48,SDN:CSR::20051117,CE0509,Celtic Explorer,45CE,research vessel,31,Sea-Bird SBE 911plus CTD,SDN:L22::TOOL0058,2005,7,2005-07-05T19:19:04Z,44.0,55.1396667,-9.4321667,44.397,12.5279,35.3538,26.7612,1501.97,NaN,NaN,1,1,1,NaN,1,1,1,NaN,NaN
100282,291,ATLANTIC OCEAN > NORTH ATLANTIC OCEAN > NORTHEAST ATLANTIC OCEAN (40W),Celtic Seas,27.6.a,39E0,North-east Atlantic Ocean,Celtic Seas,,,,,119.48,SDN:CSR::20051117,CE0509,Celtic Explorer,45CE,research vessel,31,Sea-Bird SBE 911plus CTD,SDN:L22::TOOL0058,2005,7,2005-07-05T19:19:04Z,45.0,55.1396667,-9.4321667,45.406,12.3244,35.3539,26.8013,1501.91,NaN,NaN,1,1,1,NaN,1,1,1,NaN,NaN
100282,291,ATLANTIC OCEAN > NORTH ATLANTIC OCEAN > NORTHEAST ATLANTIC OCEAN (40W),Celtic Seas,27.6.a,39E0,North-east Atlantic Ocean,Celtic Seas,,,,,119.48,SDN:CSR::20051117,CE0509,Celtic Explorer,45CE,research vessel,31,Sea-Bird SBE 911plus CTD,SDN:L22::TOOL0058,2005,7,2005-07-05T19:19:04Z,46.0,55.1396667,-9.4321667,46.415,12.1572,35.3515,26.8318,1501.85,NaN,NaN,1,1,1,NaN,1,1,1,NaN,NaN
100282,291,ATLANTIC OCEAN > NORTH ATLANTIC OCEAN > NORTHEAST ATLANTIC OCEAN (40W),Celtic Seas,27.6.a,39E0,North-east Atlantic Ocean,Celtic Seas,,,,,119.48,SDN:CSR::20051117,CE0509,Celtic Explorer,45CE,research vessel,31,Sea-Bird SBE 911plus CTD,SDN:L22::TOOL0058,2005,7,2005-07-05T19:19:04Z,47.0,55.1396667,-9.4321667,47.425,12.0565,35.3502,26.8504,1501.78,NaN,NaN,1,1,1,NaN,1,1,1,NaN,NaN
100282,291,ATLANTIC OCEAN > NORTH ATLANTIC OCEAN > NORTHEAST ATLANTIC OCEAN (40W),Celtic Seas,27.6.a,39E0,North-east Atlantic Ocean,Celtic Seas,,,,,119.48,SDN:CSR::20051117,CE0509,Celtic Explorer,45CE,research vessel,31,Sea-Bird SBE 911plus CTD,SDN:L22::TOOL0058,2005,7,2005-07-05T19:19:04Z,48.0,55.1396667,-9.4321667,48.434,11.9914,35.3484,26.8614,1501.7,NaN,NaN,1,1,1,NaN,1,1,1,NaN,NaN
100282,291,ATLANTIC OCEAN > NORTH ATLANTIC OCEAN > NORTHEAST ATLANTIC OCEAN (40W),Celtic Seas,27.6.a,39E0,North-east Atlantic Ocean,Celtic Seas,,,,,119.48,SDN:CSR::20051117,CE0509,Celtic Explorer,45CE,research vessel,31,Sea-Bird SBE 911plus CTD,SDN:L22::TOOL0058,2005,7,2005-07-05T19:19:04Z,49.0,55.1396667,-9.4321667,49.443,11.9653,35.3485,26.8666,1501.62,NaN,NaN,1,1,1,NaN,1,1,1,NaN,NaN
100282,291,ATLANTIC OCEAN > NORTH ATLANTIC OCEAN > NORTHEAST ATLANTIC OCEAN (40W),Celtic Seas,27.6.a,39E0,North-east Atlantic Ocean,Celtic Seas,,,,,119.48,SDN:CSR::20051117,CE0509,Celtic Explorer,45CE,research vessel,31,Sea-Bird SBE 911plus CTD,SDN:L22::TOOL0058,2005,7,2005-07-05T19:19:04Z,50.0,55.1396667,-9.4321667,50.452,11.9496,35.348,26.8692,1501.54,NaN,NaN,1,1,1,NaN,1,1,1,NaN,NaN
100282,291,ATLANTIC OCEAN > NORTH ATLANTIC OCEAN > NORTHEAST ATLANTIC OCEAN (40W),Celtic Seas,27.6.a,39E0,North-east Atlantic Ocean,Celtic Seas,,,,,119.48,SDN:CSR::20051117,CE0509,Celtic Explorer,45CE,research vessel,31,Sea-Bird SBE 911plus CTD,SDN:L22::TOOL0058,2005,7,2005-07-05T19:19:04Z,51.0,55.1396667,-9.4321667,51.461,11.9788,35.3509,26.8658,1501.48,NaN,NaN,1,1,1,NaN,1,1,1,NaN,NaN
100282,291,ATLANTIC OCEAN > NORTH ATLANTIC OCEAN > NORTHEAST ATLANTIC OCEAN (40W),Celtic Seas,27.6.a,39E0,North-east Atlantic Ocean,Celtic Seas,,,,,119.48,SDN:CSR::20051117,CE0509,Celtic Explorer,45CE,research vessel,31,Sea-Bird SBE 911plus CTD,SDN:L22::TOOL0058,2005,7,2005-07-05T19:19:04Z,52.0,55.1396667,-9.4321667,52.47,11.9775,35.3463,26.8627,1501.41,NaN,NaN,1,1,1,NaN,1,1,1,NaN,NaN
100282,291,ATLANTIC OCEAN > NORTH ATLANTIC OCEAN > NORTHEAST ATLANTIC OCEAN (40W),Celtic Seas,27.6.a,39E0,North-east Atlantic Ocean,Celtic Seas,,,,,119.48,SDN:CSR::20051117,CE0509,Celtic Explorer,45CE,research vessel,31,Sea-Bird SBE 911plus CTD,SDN:L22::TOOL0058,2005,7,2005-07-05T19:19:04Z,53.0,55.1396667,-9.4321667,53.48,11.9021,35.3484,26.8785,1501.34,NaN,NaN,1,1,1,NaN,1,1,1,NaN,NaN
100282,291,ATLANTIC OCEAN > NORTH ATLANTIC OCEAN > NORTHEAST ATLANTIC OCEAN (40W),Celtic Seas,27.6.a,39E0,North-east Atlantic Ocean,Celtic Seas,,,,,119.48,SDN:CSR::20051117,CE0509,Celtic Explorer,45CE,research vessel,31,Sea-Bird SBE 911plus CTD,SDN:L22::TOOL0058,2005,7,2005-07-05T19:19:04Z,54.0,55.1396667,-9.4321667,54.489,11.8508,35.35,26.8896,1501.27,NaN,NaN,1,1,1,NaN,1,1,1,NaN,NaN
100282,291,ATLANTIC OCEAN > NORTH ATLANTIC OCEAN > NORTHEAST ATLANTIC OCEAN (40W),Celtic Seas,27.6.a,39E0,North-east Atlantic Ocean,Celtic Seas,,,,,119.48,SDN:CSR::20051117,CE0509,Celtic Explorer,45CE,research vessel,31,Sea-Bird SBE 911plus CTD,SDN:L22::TOOL0058,2005,7,2005-07-05T19:19:04Z,55.0,55.1396667,-9.4321667,55.498,11.8075,35.35,26.8979,1501.2,NaN,NaN,1,1,1,NaN,1,1,1,NaN,NaN
100282,291,ATLANTIC OCEAN > NORTH ATLANTIC OCEAN > NORTHEAST ATLANTIC OCEAN (40W),Celtic Seas,27.6.a,39E0,North-east Atlantic Ocean,Celtic Seas,,,,,119.48,SDN:CSR::20051117,CE0509,Celtic Explorer,45CE,research vessel,31,Sea-Bird SBE 911plus CTD,SDN:L22::TOOL0058,2005,7,2005-07-05T19:19:04Z,56.0,55.1396667,-9.4321667,56.507,11.7624,35.3504,26.9067,1501.14,NaN,NaN,1,1,1,NaN,1,1,1,NaN,NaN
100282,291,ATLANTIC OCEAN > NORTH ATLANTIC OCEAN > NORTHEAST ATLANTIC OCEAN (40W),Celtic Seas,27.6.a,39E0,North-east Atlantic Ocean,Celtic Seas,,,,,119.48,SDN:CSR::20051117,CE0509,Celtic Explorer,45CE,research vessel,31,Sea-Bird SBE 911plus CTD,SDN:L22::TOOL0058,2005,7,2005-07-05T19:19:04Z,57.0,55.1396667,-9.4321667,57.516,11.6942,35.3525,26.9213,1501.07,NaN,NaN,1,1,1,NaN,1,1,1,NaN,NaN
100282,291,ATLANTIC OCEAN > NORTH ATLANTIC OCEAN > NORTHEAST ATLANTIC OCEAN (40W),Celtic Seas,27.6.a,39E0,North-east Atlantic Ocean,Celtic Seas,,,,,119.48,SDN:CSR::20051117,CE0509,Celtic Explorer,45CE,research vessel,31,Sea-Bird SBE 911plus CTD,SDN:L22::TOOL0058,2005,7,2005-07-05T19:19:04Z,58.0,55.1396667,-9.4321667,58.526,11.4929,35.3537,26.9601,1500.99,NaN,NaN,1,1,1,NaN,1,1,1,NaN,NaN
100282,291,ATLANTIC OCEAN > NORTH ATLANTIC OCEAN > NORTHEAST ATLANTIC OCEAN (40W),Celtic Seas,27.6.a,39E0,North-east Atlantic Ocean,Celtic Seas,,,,,119.48,SDN:CSR::20051117,CE0509,Celtic Explorer,45CE,research vessel,31,Sea-Bird SBE 911plus CTD,SDN:L22::TOOL0058,2005,7,2005-07-05T19:19:04Z,59.0,55.1396667,-9.4321667,59.535,11.1394,35.3572,27.0281,1500.91,NaN,NaN,1,1,1,NaN,1,1,1,NaN,NaN
100282,291,ATLANTIC OCEAN > NORTH ATLANTIC OCEAN > NORTHEAST ATLANTIC OCEAN (40W),Celtic Seas,27.6.a,39E0,North-east Atlantic Ocean,Celtic Seas,,,,,119.48,SDN:CSR::20051117,CE0509,Celtic Explorer,45CE,research vessel,31,Sea-Bird SBE 911plus CTD,SDN:L22::TOOL0058,2005,7,2005-07-05T19:19:04Z,60.0,55.1396667,-9.4321667,60.544,10.6799,35.3533,27.1085,1500.8,NaN,NaN,1,1,1,NaN,1,1,1,NaN,NaN
100282,291,ATLANTIC OCEAN > NORTH ATLANTIC OCEAN > NORTHEAST ATLANTIC OCEAN (40W),Celtic Seas,27.6.a,39E0,North-east Atlantic Ocean,Celtic Seas,,,,,119.48,SDN:CSR::20051117,CE0509,Celtic Explorer,45CE,research vessel,31,Sea-Bird SBE 911plus CTD,SDN:L22::TOOL0058,2005,7,2005-07-05T19:19:04Z,61.0,55.1396667,-9.4321667,61.553,10.5173,35.3466,27.1324,1500.68,NaN,NaN,1,1,1,NaN,1,1,1,NaN,NaN
100282,291,ATLANTIC OCEAN > NORTH ATLANTIC OCEAN > NORTHEAST ATLANTIC OCEAN (40W),Celtic Seas,27.6.a,39E0,North-east Atlantic Ocean,Celtic Seas,,,,,119.48,SDN:CSR::20051117,CE0509,Celtic Explorer,45CE,research vessel,31,Sea-Bird SBE 911plus CTD,SDN:L22::TOOL0058,2005,7,2005-07-05T19:19:04Z,62.0,55.1396667,-9.4321667,62.562,10.3145,35.3501,27.1706,1500.55,NaN,NaN,1,1,1,NaN,1,1,1,NaN,NaN
100282,291,ATLANTIC OCEAN > NORTH ATLANTIC OCEAN > NORTHEAST ATLANTIC OCEAN (40W),Celtic Seas,27.6.a,39E0,North-east Atlantic Ocean,Celtic Seas,,,,,119.48,SDN:CSR::20051117,CE0509,Celtic Explorer,45CE,research vessel,31,Sea-Bird SBE 911plus CTD,SDN:L22::TOOL0058,2005,7,2005-07-05T19:19:04Z,63.0,55.1396667,-9.4321667,63.572,10.1594,35.3588,27.2046,1500.41,NaN,NaN,1,1,1,NaN,1,1,1,NaN,NaN
100282,291,ATLANTIC OCEAN > NORTH ATLANTIC OCEAN > NORTHEAST ATLANTIC OCEAN (40W),Celtic Seas,27.6.a,39E0,North-east Atlantic Ocean,Celtic Seas,,,,,119.48,SDN:CSR::20051117,CE0509,Celtic Explorer,45CE,research vessel,31,Sea-Bird SBE 911plus CTD,SDN:L22::TOOL0058,2005,7,2005-07-05T19:19:04Z,64.0,55.1396667,-9.4321667,64.581,10.1087,35.3613,27.2155,1500.28,NaN,NaN,1,1,1,NaN,1,1,1,NaN,NaN
100282,291,ATLANTIC OCEAN > NORTH ATLANTIC OCEAN > NORTHEAST ATLANTIC OCEAN (40W),Celtic Seas,27.6.a,39E0,North-east Atlantic Ocean,Celtic Seas,,,,,119.48,SDN:CSR::20051117,CE0509,Celtic Explorer,45CE,research vessel,31,Sea-Bird SBE 911plus CTD,SDN:L22::TOOL0058,2005,7,2005-07-05T19:19:04Z,65.0,55.1396667,-9.4321667,65.59,10.1035,35.3596,27.215,1500.14,NaN,NaN,1,1,1,NaN,1,1,1,NaN,NaN
100282,291,ATLANTIC OCEAN > NORTH ATLANTIC OCEAN > NORTHEAST ATLANTIC OCEAN (40W),Celtic Seas,27.6.a,39E0,North-east Atlantic Ocean,Celtic Seas,,,,,119.48,SDN:CSR::20051117,CE0509,Celtic Explorer,45CE,research vessel,31,Sea-Bird SBE 911plus CTD,SDN:L22::TOOL0058,2005,7,2005-07-05T19:19:04Z,66.0,55.1396667,-9.4321667,66.599,10.0972,35.3587,27.2154,1500.02,NaN,NaN,1,1,1,NaN,1,1,1,NaN,NaN
100282,291,ATLANTIC OCEAN > NORTH ATLANTIC OCEAN > NORTHEAST ATLANTIC OCEAN (40W),Celtic Seas,27.6.a,39E0,North-east Atlantic Ocean,Celtic Seas,,,,,119.48,SDN:CSR::20051117,CE0509,Celtic Explorer,45CE,research vessel,31,Sea-Bird SBE 911plus CTD,SDN:L22::TOOL0058,2005,7,2005-07-05T19:19:04Z,67.0,55.1396667,-9.4321667,67.609,10.0939,35.3575,27.2151,1499.89,NaN,NaN,1,1,1,NaN,1,1,1,NaN,NaN
100282,291,ATLANTIC OCEAN > NORTH ATLANTIC OCEAN > NORTHEAST ATLANTIC OCEAN (40W),Celtic Seas,27.6.a,39E0,North-east Atlantic Ocean,Celtic Seas,,,,,119.48,SDN:CSR::20051117,CE0509,Celtic Explorer,45CE,research vessel,31,Sea-Bird SBE 911plus CTD,SDN:L22::TOOL0058,2005,7,2005-07-05T19:19:04Z,68.0,55.1396667,-9.4321667,68.618,10.0903,35.3565,27.2149,1499.77,NaN,NaN,1,1,1,NaN,1,1,1,NaN,NaN
100282,291,ATLANTIC OCEAN > NORTH ATLANTIC OCEAN > NORTHEAST ATLANTIC OCEAN (40W),Celtic Seas,27.6.a,39E0,North-east Atlantic Ocean,Celtic Seas,,,,,119.48,SDN:CSR::20051117,CE0509,Celtic Explorer,45CE,research vessel,31,Sea-Bird SBE 911plus CTD,SDN:L22::TOOL0058,2005,7,2005-07-05T19:19:04Z,69.0,55.1396667,-9.4321667,69.627,10.0881,35.355,27.2141,1499.65,NaN,NaN,1,1,1,NaN,1,1,1,NaN,NaN
100282,291,ATLANTIC OCEAN > NORTH ATLANTIC OCEAN > NORTHEAST ATLANTIC OCEAN (40W),Celtic Seas,27.6.a,39E0,North-east Atlantic Ocean,Celtic Seas,,,,,119.48,SDN:CSR::20051117,CE0509,Celtic Explorer,45CE,research vessel,31,Sea-Bird SBE 911plus CTD,SDN:L22::TOOL0058,2005,7,2005-07-05T19:19:04Z,70.0,55.1396667,-9.4321667,70.636,10.0877,35.3539,27.2133,1499.54,NaN,NaN,1,1,1,NaN,1,1,1,NaN,NaN
100282,291,ATLANTIC OCEAN > NORTH ATLANTIC OCEAN > NORTHEAST ATLANTIC OCEAN (40W),Celtic Seas,27.6.a,39E0,North-east Atlantic Ocean,Celtic Seas,,,,,119.48,SDN:CSR::20051117,CE0509,Celtic Explorer,45CE,research vessel,31,Sea-Bird SBE 911plus CTD,SDN:L22::TOOL0058,2005,7,2005-07-05T19:19:04Z,71.0,55.1396667,-9.4321667,71.646,10.0857,35.3523,27.2124,1499.43,NaN,NaN,1,1,1,NaN,1,1,1,NaN,NaN
100282,291,ATLANTIC OCEAN > NORTH ATLANTIC OCEAN > NORTHEAST ATLANTIC OCEAN (40W),Celtic Seas,27.6.a,39E0,North-east Atlantic Ocean,Celtic Seas,,,,,119.48,SDN:CSR::20051117,CE0509,Celtic Explorer,45CE,research vessel,31,Sea-Bird SBE 911plus CTD,SDN:L22::TOOL0058,2005,7,2005-07-05T19:19:04Z,72.0,55.1396667,-9.4321667,72.655,10.0847,35.3519,27.2123,1499.32,NaN,NaN,1,1,1,NaN,1,1,1,NaN,NaN
100282,291,ATLANTIC OCEAN > NORTH ATLANTIC OCEAN > NORTHEAST ATLANTIC OCEAN (40W),Celtic Seas,27.6.a,39E0,North-east Atlantic Ocean,Celtic Seas,,,,,119.48,SDN:CSR::20051117,CE0509,Celtic Explorer,45CE,research vessel,31,Sea-Bird SBE 911plus CTD,SDN:L22::TOOL0058,2005,7,2005-07-05T19:19:04Z,73.0,55.1396667,-9.4321667,73.664,10.0843,35.3516,27.2121,1499.22,NaN,NaN,1,1,1,NaN,1,1,1,NaN,NaN
100282,291,ATLANTIC OCEAN > NORTH ATLANTIC OCEAN > NORTHEAST ATLANTIC OCEAN (40W),Celtic Seas,27.6.a,39E0,North-east Atlantic Ocean,Celtic Seas,,,,,119.48,SDN:CSR::20051117,CE0509,Celtic Explorer,45CE,research vessel,31,Sea-Bird SBE 911plus CTD,SDN:L22::TOOL0058,2005,7,2005-07-05T19:19:04Z,74.0,55.1396667,-9.4321667,74.673,10.0831,35.3514,27.2121,1499.11,NaN,NaN,1,1,1,NaN,1,1,1,NaN,NaN
100282,291,ATLANTIC OCEAN > NORTH ATLANTIC OCEAN > NORTHEAST ATLANTIC OCEAN (40W),Celtic Seas,27.6.a,39E0,North-east Atlantic Ocean,Celtic Seas,,,,,119.48,SDN:CSR::20051117,CE0509,Celtic Explorer,45CE,research vessel,31,Sea-Bird SBE 911plus CTD,SDN:L22::TOOL0058,2005,7,2005-07-05T19:19:04Z,75.0,55.1396667,-9.4321667,75.683,10.0822,35.3509,27.212,1499.01,NaN,NaN,1,1,1,NaN,1,1,1,NaN,NaN
100282,291,ATLANTIC OCEAN > NORTH ATLANTIC OCEAN > NORTHEAST ATLANTIC OCEAN (40W),Celtic Seas,27.6.a,39E0,North-east Atlantic Ocean,Celtic Seas,,,,,119.48,SDN:CSR::20051117,CE0509,Celtic Explorer,45CE,research vessel,31,Sea-Bird SBE 911plus CTD,SDN:L22::TOOL0058,2005,7,2005-07-05T19:19:04Z,76.0,55.1396667,-9.4321667,76.692,10.0809,35.3505,27.2119,1498.92,NaN,NaN,1,1,1,NaN,1,1,1,NaN,NaN
100282,291,ATLANTIC OCEAN > NORTH ATLANTIC OCEAN > NORTHEAST ATLANTIC OCEAN (40W),Celtic Seas,27.6.a,39E0,North-east Atlantic Ocean,Celtic Seas,,,,,119.48,SDN:CSR::20051117,CE0509,Celtic Explorer,45CE,research vessel,31,Sea-Bird SBE 911plus CTD,SDN:L22::TOOL0058,2005,7,2005-07-05T19:19:04Z,77.0,55.1396667,-9.4321667,77.701,10.0803,35.3499,27.2115,1498.83,NaN,NaN,1,1,1,NaN,1,1,1,NaN,NaN
100282,291,ATLANTIC OCEAN > NORTH ATLANTIC OCEAN > NORTHEAST ATLANTIC OCEAN (40W),Celtic Seas,27.6.a,39E0,North-east Atlantic Ocean,Celtic Seas,,,,,119.48,SDN:CSR::20051117,CE0509,Celtic Explorer,45CE,research vessel,31,Sea-Bird SBE 911plus CTD,SDN:L22::TOOL0058,2005,7,2005-07-05T19:19:04Z,78.0,55.1396667,-9.4321667,78.711,10.0802,35.3492,27.2109,1498.73,NaN,NaN,1,1,1,NaN,1,1,1,NaN,NaN
100282,291,ATLANTIC OCEAN > NORTH ATLANTIC OCEAN > NORTHEAST ATLANTIC OCEAN (40W),Celtic Seas,27.6.a,39E0,North-east Atlantic Ocean,Celtic Seas,,,,,119.48,SDN:CSR::20051117,CE0509,Celtic Explorer,45CE,research vessel,31,Sea-Bird SBE 911plus CTD,SDN:L22::TOOL0058,2005,7,2005-07-05T19:19:04Z,79.0,55.1396667,-9.4321667,79.72,10.08,35.3488,27.2106,1498.65,NaN,NaN,1,1,1,NaN,1,1,1,NaN,NaN
100282,291,ATLANTIC OCEAN > NORTH ATLANTIC OCEAN > NORTHEAST ATLANTIC OCEAN (40W),Celtic Seas,27.6.a,39E0,North-east Atlantic Ocean,Celtic Seas,,,,,119.48,SDN:CSR::20051117,CE0509,Celtic Explorer,45CE,research vessel,31,Sea-Bird SBE 911plus CTD,SDN:L22::TOOL0058,2005,7,2005-07-05T19:19:04Z,80.0,55.1396667,-9.4321667,80.729,10.0802,35.3486,27.2105,1498.56,NaN,NaN,1,1,1,NaN,1,1,1,NaN,NaN
100282,291,ATLANTIC OCEAN > NORTH ATLANTIC OCEAN > NORTHEAST ATLANTIC OCEAN (40W),Celtic Seas,27.6.a,39E0,North-east Atlantic Ocean,Celtic Seas,,,,,119.48,SDN:CSR::20051117,CE0509,Celtic Explorer,45CE,research vessel,31,Sea-Bird SBE 911plus CTD,SDN:L22::TOOL0058,2005,7,2005-07-05T19:19:04Z,81.0,55.1396667,-9.4321667,81.739,10.0803,35.3479,27.2099,1498.48,NaN,NaN,1,1,1,NaN,1,1,1,NaN,NaN
100282,291,ATLANTIC OCEAN > NORTH ATLANTIC OCEAN > NORTHEAST ATLANTIC OCEAN (40W),Celtic Seas,27.6.a,39E0,North-east Atlantic Ocean,Celtic Seas,,,,,119.48,SDN:CSR::20051117,CE0509,Celtic Explorer,45CE,research vessel,31,Sea-Bird SBE 911plus CTD,SDN:L22::TOOL0058,2005,7,2005-07-05T19:19:04Z,82.0,55.1396667,-9.4321667,82.748,10.0805,35.3485,27.2104,1498.4,NaN,NaN,1,1,1,NaN,1,1,1,NaN,NaN
100282,291,ATLANTIC OCEAN > NORTH ATLANTIC OCEAN > NORTHEAST ATLANTIC OCEAN (40W),Celtic Seas,27.6.a,39E0,North-east Atlantic Ocean,Celtic Seas,,,,,119.48,SDN:CSR::20051117,CE0509,Celtic Explorer,45CE,research vessel,31,Sea-Bird SBE 911plus CTD,SDN:L22::TOOL0058,2005,7,2005-07-05T19:19:04Z,83.0,55.1396667,-9.4321667,83.757,10.0806,35.3481,27.2101,1498.32,NaN,NaN,1,1,1,NaN,1,1,1,NaN,NaN
100282,291,ATLANTIC OCEAN > NORTH ATLANTIC OCEAN > NORTHEAST ATLANTIC OCEAN (40W),Celtic Seas,27.6.a,39E0,North-east Atlantic Ocean,Celtic Seas,,,,,119.48,SDN:CSR::20051117,CE0509,Celtic Explorer,45CE,research vessel,31,Sea-Bird SBE 911plus CTD,SDN:L22::TOOL0058,2005,7,2005-07-05T19:19:04Z,84.0,55.1396667,-9.4321667,84.767,10.0807,35.3479,27.2099,1498.24,NaN,NaN,1,1,1,NaN,1,1,1,NaN,NaN
100282,291,ATLANTIC OCEAN > NORTH ATLANTIC OCEAN > NORTHEAST ATLANTIC OCEAN (40W),Celtic Seas,27.6.a,39E0,North-east Atlantic Ocean,Celtic Seas,,,,,119.48,SDN:CSR::20051117,CE0509,Celtic Explorer,45CE,research vessel,31,Sea-Bird SBE 911plus CTD,SDN:L22::TOOL0058,2005,7,2005-07-05T19:19:04Z,85.0,55.1396667,-9.4321667,85.776,10.081,35.3477,27.2096,1498.17,NaN,NaN,1,1,1,NaN,1,1,1,NaN,NaN
100282,291,ATLANTIC OCEAN > NORTH ATLANTIC OCEAN > NORTHEAST ATLANTIC OCEAN (40W),Celtic Seas,27.6.a,39E0,North-east Atlantic Ocean,Celtic Seas,,,,,119.48,SDN:CSR::20051117,CE0509,Celtic Explorer,45CE,research vessel,31,Sea-Bird SBE 911plus CTD,SDN:L22::TOOL0058,2005,7,2005-07-05T19:19:04Z,86.0,55.1396667,-9.4321667,86.785,10.0813,35.3475,27.2095,1498.1,NaN,NaN,1,1,1,NaN,1,1,1,NaN,NaN
100282,291,ATLANTIC OCEAN > NORTH ATLANTIC OCEAN > NORTHEAST ATLANTIC OCEAN (40W),Celtic Seas,27.6.a,39E0,North-east Atlantic Ocean,Celtic Seas,,,,,119.48,SDN:CSR::20051117,CE0509,Celtic Explorer,45CE,research vessel,31,Sea-Bird SBE 911plus CTD,SDN:L22::TOOL0058,2005,7,2005-07-05T19:19:04Z,87.0,55.1396667,-9.4321667,87.795,10.0818,35.3477,27.2095,1498.03,NaN,NaN,1,1,1,NaN,1,1,1,NaN,NaN
100282,291,ATLANTIC OCEAN > NORTH ATLANTIC OCEAN > NORTHEAST ATLANTIC OCEAN (40W),Celtic Seas,27.6.a,39E0,North-east Atlantic Ocean,Celtic Seas,,,,,119.48,SDN:CSR::20051117,CE0509,Celtic Explorer,45CE,research vessel,31,Sea-Bird SBE 911plus CTD,SDN:L22::TOOL0058,2005,7,2005-07-05T19:19:04Z,88.0,55.1396667,-9.4321667,88.804,10.082,35.3476,27.2094,1497.96,NaN,NaN,1,1,1,NaN,1,1,1,NaN,NaN
100282,291,ATLANTIC OCEAN > NORTH ATLANTIC OCEAN > NORTHEAST ATLANTIC OCEAN (40W),Celtic Seas,27.6.a,39E0,North-east Atlantic Ocean,Celtic Seas,,,,,119.48,SDN:CSR::20051117,CE0509,Celtic Explorer,45CE,research vessel,31,Sea-Bird SBE 911plus CTD,SDN:L22::TOOL0058,2005,7,2005-07-05T19:19:04Z,89.0,55.1396667,-9.4321667,89.813,10.0828,35.3476,27.2092,1497.89,NaN,NaN,1,1,1,NaN,1,1,1,NaN,NaN
100282,291,ATLANTIC OCEAN > NORTH ATLANTIC OCEAN > NORTHEAST ATLANTIC OCEAN (40W),Celtic Seas,27.6.a,39E0,North-east Atlantic Ocean,Celtic Seas,,,,,119.48,SDN:CSR::20051117,CE0509,Celtic Explorer,45CE,research vessel,31,Sea-Bird SBE 911plus CTD,SDN:L22::TOOL0058,2005,7,2005-07-05T19:19:04Z,90.0,55.1396667,-9.4321667,90.823,10.083,35.3477,27.2093,1497.82,NaN,NaN,1,1,1,NaN,1,1,1,NaN,NaN
100282,291,ATLANTIC OCEAN > NORTH ATLANTIC OCEAN > NORTHEAST ATLANTIC OCEAN (40W),Celtic Seas,27.6.a,39E0,North-east Atlantic Ocean,Celtic Seas,,,,,119.48,SDN:CSR::20051117,CE0509,Celtic Explorer,45CE,research vessel,31,Sea-Bird SBE 911plus CTD,SDN:L22::TOOL0058,2005,7,2005-07-05T19:19:04Z,91.0,55.1396667,-9.4321667,91.832,10.0832,35.3477,27.2092,1497.76,NaN,NaN,1,1,1,NaN,1,1,1,NaN,NaN
100282,291,ATLANTIC OCEAN > NORTH ATLANTIC OCEAN > NORTHEAST ATLANTIC OCEAN (40W),Celtic Seas,27.6.a,39E0,North-east Atlantic Ocean,Celtic Seas,,,,,119.48,SDN:CSR::20051117,CE0509,Celtic Explorer,45CE,research vessel,31,Sea-Bird SBE 911plus CTD,SDN:L22::TOOL0058,2005,7,2005-07-05T19:19:04Z,92.0,55.1396667,-9.4321667,92.841,10.0833,35.3476,27.2091,1497.7,NaN,NaN,1,1,1,NaN,1,1,1,NaN,NaN
100282,291,ATLANTIC OCEAN > NORTH ATLANTIC OCEAN > NORTHEAST ATLANTIC OCEAN (40W),Celtic Seas,27.6.a,39E0,North-east Atlantic Ocean,Celtic Seas,,,,,119.48,SDN:CSR::20051117,CE0509,Celtic Explorer,45CE,research vessel,31,Sea-Bird SBE 911plus CTD,SDN:L22::TOOL0058,2005,7,2005-07-05T19:19:04Z,93.0,55.1396667,-9.4321667,93.851,10.0835,35.3475,27.209,1497.64,NaN,NaN,1,1,1,NaN,1,1,1,NaN,NaN
100282,291,ATLANTIC OCEAN > NORTH ATLANTIC OCEAN > NORTHEAST ATLANTIC OCEAN (40W),Celtic Seas,27.6.a,39E0,North-east Atlantic Ocean,Celtic Seas,,,,,119.48,SDN:CSR::20051117,CE0509,Celtic Explorer,45CE,research vessel,31,Sea-Bird SBE 911plus CTD,SDN:L22::TOOL0058,2005,7,2005-07-05T19:19:04Z,94.0,55.1396667,-9.4321667,94.86,10.0838,35.3473,27.2089,1497.58,NaN,NaN,1,1,1,NaN,1,1,1,NaN,NaN
100282,291,ATLANTIC OCEAN > NORTH ATLANTIC OCEAN > NORTHEAST ATLANTIC OCEAN (40W),Celtic Seas,27.6.a,39E0,North-east Atlantic Ocean,Celtic Seas,,,,,119.48,SDN:CSR::20051117,CE0509,Celtic Explorer,45CE,research vessel,31,Sea-Bird SBE 911plus CTD,SDN:L22::TOOL0058,2005,7,2005-07-05T19:19:04Z,95.0,55.1396667,-9.4321667,95.87,10.0838,35.3472,27.2088,1497.52,NaN,NaN,1,1,1,NaN,1,1,1,NaN,NaN
100282,291,ATLANTIC OCEAN > NORTH ATLANTIC OCEAN > NORTHEAST ATLANTIC OCEAN (40W),Celtic Seas,27.6.a,39E0,North-east Atlantic Ocean,Celtic Seas,,,,,119.48,SDN:CSR::20051117,CE0509,Celtic Explorer,45CE,research vessel,31,Sea-Bird SBE 911plus CTD,SDN:L22::TOOL0058,2005,7,2005-07-05T19:19:04Z,96.0,55.1396667,-9.4321667,96.879,10.084,35.3471,27.2087,1497.47,NaN,NaN,1,1,1,NaN,1,1,1,NaN,NaN
100282,291,ATLANTIC OCEAN > NORTH ATLANTIC OCEAN > NORTHEAST ATLANTIC OCEAN (40W),Celtic Seas,27.6.a,39E0,North-east Atlantic Ocean,Celtic Seas,,,,,119.48,SDN:CSR::20051117,CE0509,Celtic Explorer,45CE,research vessel,31,Sea-Bird SBE 911plus CTD,SDN:L22::TOOL0058,2005,7,2005-07-05T19:19:04Z,97.0,55.1396667,-9.4321667,97.888,10.0836,35.3468,27.2084,1497.41,NaN,NaN,1,1,1,NaN,1,1,1,NaN,NaN
100282,291,ATLANTIC OCEAN > NORTH ATLANTIC OCEAN > NORTHEAST ATLANTIC OCEAN (40W),Celtic Seas,27.6.a,39E0,North-east Atlantic Ocean,Celtic Seas,,,,,119.48,SDN:CSR::20051117,CE0509,Celtic Explorer,45CE,research vessel,31,Sea-Bird SBE 911plus CTD,SDN:L22::TOOL0058,2005,7,2005-07-05T19:19:04Z,98.0,55.1396667,-9.4321667,98.898,10.0835,35.3467,27.2084,1497.36,NaN,NaN,1,1,1,NaN,1,1,1,NaN,NaN
100282,291,ATLANTIC OCEAN > NORTH ATLANTIC OCEAN > NORTHEAST ATLANTIC OCEAN (40W),Celtic Seas,27.6.a,39E0,North-east Atlantic Ocean,Celtic Seas,,,,,119.48,SDN:CSR::20051117,CE0509,Celtic Explorer,45CE,research vessel,31,Sea-Bird SBE 911plus CTD,SDN:L22::TOOL0058,2005,7,2005-07-05T19:19:04Z,99.0,55.1396667,-9.4321667,99.907,10.0832,35.3467,27.2085,1497.3,NaN,NaN,1,1,1,NaN,1,1,1,NaN,NaN
100282,291,ATLANTIC OCEAN > NORTH ATLANTIC OCEAN > NORTHEAST ATLANTIC OCEAN (40W),Celtic Seas,27.6.a,39E0,North-east Atlantic Ocean,Celtic Seas,,,,,119.48,SDN:CSR::20051117,CE0509,Celtic Explorer,45CE,research vessel,31,Sea-Bird SBE 911plus CTD,SDN:L22::TOOL0058,2005,7,2005-07-05T19:19:04Z,100.0,55.1396667,-9.4321667,100.917,10.0829,35.3465,27.2084,1497.25,NaN,NaN,1,1,1,NaN,1,1,1,NaN,NaN
100282,291,ATLANTIC OCEAN > NORTH ATLANTIC OCEAN > NORTHEAST ATLANTIC OCEAN (40W),Celtic Seas,27.6.a,39E0,North-east Atlantic Ocean,Celtic Seas,,,,,119.48,SDN:CSR::20051117,CE0509,Celtic Explorer,45CE,research vessel,31,Sea-Bird SBE 911plus CTD,SDN:L22::TOOL0058,2005,7,2005-07-05T19:19:04Z,101.0,55.1396667,-9.4321667,101.926,10.0841,35.3463,27.208,1497.2,NaN,NaN,1,1,1,NaN,1,1,1,NaN,NaN
100282,291,ATLANTIC OCEAN > NORTH ATLANTIC OCEAN > NORTHEAST ATLANTIC OCEAN (40W),Celtic Seas,27.6.a,39E0,North-east Atlantic Ocean,Celtic Seas,,,,,119.48,SDN:CSR::20051117,CE0509,Celtic Explorer,45CE,research vessel,31,Sea-Bird SBE 911plus CTD,SDN:L22::TOOL0058,2005,7,2005-07-05T19:19:04Z,102.0,55.1396667,-9.4321667,102.935,10.0828,35.3459,27.2079,1497.15,NaN,NaN,1,1,1,NaN,1,1,1,NaN,NaN
100282,291,ATLANTIC OCEAN > NORTH ATLANTIC OCEAN > NORTHEAST ATLANTIC OCEAN (40W),Celtic Seas,27.6.a,39E0,North-east Atlantic Ocean,Celtic Seas,,,,,119.48,SDN:CSR::20051117,CE0509,Celtic Explorer,45CE,research vessel,31,Sea-Bird SBE 911plus CTD,SDN:L22::TOOL0058,2005,7,2005-07-05T19:19:04Z,103.0,55.1396667,-9.4321667,103.945,10.0828,35.3456,27.2077,1497.1,NaN,NaN,1,1,1,NaN,1,1,1,NaN,NaN
100282,291,ATLANTIC OCEAN > NORTH ATLANTIC OCEAN > NORTHEAST ATLANTIC OCEAN (40W),Celtic Seas,27.6.a,39E0,North-east Atlantic Ocean,Celtic Seas,,,,,119.48,SDN:CSR::20051117,CE0509,Celtic Explorer,45CE,research vessel,31,Sea-Bird SBE 911plus CTD,SDN:L22::TOOL0058,2005,7,2005-07-05T19:19:04Z,104.0,55.1396667,-9.4321667,104.954,10.0827,35.3458,27.2079,1497.06,NaN,NaN,1,1,1,NaN,1,1,1,NaN,NaN
